{
	"class_name" : "PinholeCameraParameters",
	"extrinsic" : 
	[
		-0.14030862592595558,
		0.18466576548890154,
		-0.97273431344184025,
		0.0,
		0.99009336809322068,
		0.031476345671719072,
		-0.13683699105496624,
		0.0,
		0.0053490137962743768,
		-0.98229720284624278,
		-0.18725275253478862,
		0.0,
		3.1854414119166941,
		0.15841238611720665,
		5.0028411172844809,
		1.0
	],
	"intrinsic" : 
	{
		"height" : 1080,
		"intrinsic_matrix" : 
		[
			935.30743608719399,
			0.0,
			0.0,
			0.0,
			935.30743608719399,
			0.0,
			959.5,
			539.5,
			1.0
		],
		"width" : 1920
	},
	"version_major" : 1,
	"version_minor" : 0
}