{
	"class_name" : "PinholeCameraParameters",
	"extrinsic" : 
	[
		0.9986470813624978,
		-0.041596262063531918,
		-0.031205093630798868,
		0.0,
		0.021946074175775619,
		-0.20689065149325792,
		0.9781179009470008,
		0.0,
		-0.047142090688007281,
		-0.97747941630861845,
		-0.20569787062224643,
		0.0,
		0.72079315003686961,
		-0.77768322034119985,
		9.3054943714626965,
		1.0
	],
	"intrinsic" : 
	{
		"height" : 1080,
		"intrinsic_matrix" : 
		[
			935.30743608719399,
			0.0,
			0.0,
			0.0,
			935.30743608719399,
			0.0,
			959.5,
			539.5,
			1.0
		],
		"width" : 1920
	},
	"version_major" : 1,
	"version_minor" : 0
}