{
	"class_name" : "PinholeCameraParameters",
	"extrinsic" : 
	[
		-0.88616069674591014,
		0.36514184714071535,
		-0.28529046778585104,
		0.0,
		0.4183656662175026,
		0.36576266619147074,
		-0.83137707530992944,
		0.0,
		-0.19922195881274846,
		-0.85608942493595463,
		-0.47688731125879025,
		0.0,
		0.79312863741151352,
		1.3909086014572223,
		3.1331940810536807,
		1.0
	],
	"intrinsic" : 
	{
		"height" : 1080,
		"intrinsic_matrix" : 
		[
			935.30743608719399,
			0.0,
			0.0,
			0.0,
			935.30743608719399,
			0.0,
			959.5,
			539.5,
			1.0
		],
		"width" : 1920
	},
	"version_major" : 1,
	"version_minor" : 0
}