{
	"class_name" : "PinholeCameraParameters",
	"extrinsic" : 
	[
		0.48013957581915162,
		0.11498988719284108,
		0.86962251211406838,
		0.0,
		-0.86524434939708994,
		-0.10098228893230628,
		0.49107514003296782,
		0.0,
		0.14428514673594048,
		-0.98822057414595954,
		0.051008756758209997,
		0.0,
		-2.5405385851165501,
		-0.32578687799428369,
		8.2985273234864856,
		1.0
	],
	"intrinsic" : 
	{
		"height" : 1080,
		"intrinsic_matrix" : 
		[
			935.30743608719399,
			0.0,
			0.0,
			0.0,
			935.30743608719399,
			0.0,
			959.5,
			539.5,
			1.0
		],
		"width" : 1920
	},
	"version_major" : 1,
	"version_minor" : 0
}